<annotation>
	<folder>JPEGImages</folder>
	<filename>2-ship_train_326.jpg</filename>
	<path>C:\Users\China\Desktop\make-your-yolov5_dataset-main\dataset_optimal\JPEGImages\2-ship_train_326.jpg</path>
	<source>
		<database>Unknown</database>
	</source>
	<size>
		<width>142</width>
		<height>294</height>
		<depth>3</depth>
	</size>
	<segmented>0</segmented>
	<object>
		<name>ship</name>
		<pose>Unspecified</pose>
		<truncated>0</truncated>
		<difficult>0</difficult>
		<bndbox>
			<xmin>27</xmin>
			<ymin>12</ymin>
			<xmax>113</xmax>
			<ymax>263</ymax>
		</bndbox>
	</object>
	<object>
		<name>ship</name>
		<pose>Unspecified</pose>
		<truncated>0</truncated>
		<difficult>0</difficult>
		<bndbox>
			<xmin>9</xmin>
			<ymin>166</ymin>
			<xmax>31</xmax>
			<ymax>211</ymax>
		</bndbox>
	</object>
</annotation>
