<annotation>
	<folder>JPEGImages</folder>
	<filename>2-ship_train_410.jpg</filename>
	<path>C:\Users\China\Desktop\make-your-yolov5_dataset-main\dataset_optimal\JPEGImages\2-ship_train_410.jpg</path>
	<source>
		<database>Unknown</database>
	</source>
	<size>
		<width>1149</width>
		<height>265</height>
		<depth>3</depth>
	</size>
	<segmented>0</segmented>
	<object>
		<name>ship</name>
		<pose>Unspecified</pose>
		<truncated>0</truncated>
		<difficult>0</difficult>
		<bndbox>
			<xmin>26</xmin>
			<ymin>41</ymin>
			<xmax>1128</xmax>
			<ymax>222</ymax>
		</bndbox>
	</object>
	<object>
		<name>ship</name>
		<pose>Unspecified</pose>
		<truncated>1</truncated>
		<difficult>0</difficult>
		<bndbox>
			<xmin>18</xmin>
			<ymin>168</ymin>
			<xmax>990</xmax>
			<ymax>265</ymax>
		</bndbox>
	</object>
</annotation>
