<annotation>
	<folder>JPEGImages</folder>
	<filename>2-ship_train_387.jpg</filename>
	<path>C:\Users\China\Desktop\make-your-yolov5_dataset-main\dataset_optimal\JPEGImages\2-ship_train_387.jpg</path>
	<source>
		<database>Unknown</database>
	</source>
	<size>
		<width>164</width>
		<height>147</height>
		<depth>3</depth>
	</size>
	<segmented>0</segmented>
	<object>
		<name>ship</name>
		<pose>Unspecified</pose>
		<truncated>0</truncated>
		<difficult>0</difficult>
		<bndbox>
			<xmin>26</xmin>
			<ymin>19</ymin>
			<xmax>141</xmax>
			<ymax>119</ymax>
		</bndbox>
	</object>
	<object>
		<name>ship</name>
		<pose>Unspecified</pose>
		<truncated>1</truncated>
		<difficult>0</difficult>
		<bndbox>
			<xmin>43</xmin>
			<ymin>105</ymin>
			<xmax>115</xmax>
			<ymax>147</ymax>
		</bndbox>
	</object>
	<object>
		<name>ship</name>
		<pose>Unspecified</pose>
		<truncated>1</truncated>
		<difficult>0</difficult>
		<bndbox>
			<xmin>95</xmin>
			<ymin>126</ymin>
			<xmax>136</xmax>
			<ymax>147</ymax>
		</bndbox>
	</object>
</annotation>
