<annotation>
	<folder>JPEGImages</folder>
	<filename>2-ship_train_278.jpg</filename>
	<path>C:\Users\China\Desktop\make-your-yolov5_dataset-main\dataset_optimal\JPEGImages\2-ship_train_278.jpg</path>
	<source>
		<database>Unknown</database>
	</source>
	<size>
		<width>256</width>
		<height>256</height>
		<depth>3</depth>
	</size>
	<segmented>0</segmented>
	<object>
		<name>ship</name>
		<pose>Unspecified</pose>
		<truncated>0</truncated>
		<difficult>0</difficult>
		<bndbox>
			<xmin>104</xmin>
			<ymin>10</ymin>
			<xmax>215</xmax>
			<ymax>216</ymax>
		</bndbox>
	</object>
	<object>
		<name>ship</name>
		<pose>Unspecified</pose>
		<truncated>0</truncated>
		<difficult>0</difficult>
		<bndbox>
			<xmin>73</xmin>
			<ymin>26</ymin>
			<xmax>187</xmax>
			<ymax>235</ymax>
		</bndbox>
	</object>
</annotation>
