<annotation>
	<folder>JPEGImages</folder>
	<filename>2-ship_train_3.jpg</filename>
	<path>C:\Users\China\Desktop\make-your-yolov5_dataset-main\dataset_optimal\JPEGImages\2-ship_train_3.jpg</path>
	<source>
		<database>Unknown</database>
	</source>
	<size>
		<width>86</width>
		<height>109</height>
		<depth>3</depth>
	</size>
	<segmented>0</segmented>
	<object>
		<name>ship</name>
		<pose>Unspecified</pose>
		<truncated>0</truncated>
		<difficult>0</difficult>
		<bndbox>
			<xmin>20</xmin>
			<ymin>15</ymin>
			<xmax>76</xmax>
			<ymax>90</ymax>
		</bndbox>
	</object>
</annotation>
