<annotation>
	<folder>JPEGImages</folder>
	<filename>2-ship_train_152.jpg</filename>
	<path>C:\Users\China\Desktop\make-your-yolov5_dataset-main\dataset_optimal\JPEGImages\2-ship_train_152.jpg</path>
	<source>
		<database>Unknown</database>
	</source>
	<size>
		<width>72</width>
		<height>105</height>
		<depth>3</depth>
	</size>
	<segmented>0</segmented>
	<object>
		<name>ship</name>
		<pose>Unspecified</pose>
		<truncated>0</truncated>
		<difficult>0</difficult>
		<bndbox>
			<xmin>22</xmin>
			<ymin>21</ymin>
			<xmax>58</xmax>
			<ymax>83</ymax>
		</bndbox>
	</object>
</annotation>
