<annotation>
	<folder>JPEGImages</folder>
	<filename>2-ship_train_132.jpg</filename>
	<path>C:\Users\China\Desktop\make-your-yolov5_dataset-main\dataset_optimal\JPEGImages\2-ship_train_132.jpg</path>
	<source>
		<database>Unknown</database>
	</source>
	<size>
		<width>849</width>
		<height>220</height>
		<depth>3</depth>
	</size>
	<segmented>0</segmented>
	<object>
		<name>ship</name>
		<pose>Unspecified</pose>
		<truncated>0</truncated>
		<difficult>0</difficult>
		<bndbox>
			<xmin>17</xmin>
			<ymin>17</ymin>
			<xmax>832</xmax>
			<ymax>178</ymax>
		</bndbox>
	</object>
	<object>
		<name>ship</name>
		<pose>Unspecified</pose>
		<truncated>1</truncated>
		<difficult>0</difficult>
		<bndbox>
			<xmin>280</xmin>
			<ymin>2</ymin>
			<xmax>849</xmax>
			<ymax>92</ymax>
		</bndbox>
	</object>
</annotation>
