<annotation>
	<folder>JPEGImages</folder>
	<filename>2-ship_train_161.jpg</filename>
	<path>C:\Users\China\Desktop\make-your-yolov5_dataset-main\dataset_optimal\JPEGImages\2-ship_train_161.jpg</path>
	<source>
		<database>Unknown</database>
	</source>
	<size>
		<width>169</width>
		<height>153</height>
		<depth>3</depth>
	</size>
	<segmented>0</segmented>
	<object>
		<name>ship</name>
		<pose>Unspecified</pose>
		<truncated>0</truncated>
		<difficult>0</difficult>
		<bndbox>
			<xmin>6</xmin>
			<ymin>15</ymin>
			<xmax>148</xmax>
			<ymax>132</ymax>
		</bndbox>
	</object>
	<object>
		<name>ship</name>
		<pose>Unspecified</pose>
		<truncated>0</truncated>
		<difficult>0</difficult>
		<bndbox>
			<xmin>6</xmin>
			<ymin>56</ymin>
			<xmax>135</xmax>
			<ymax>152</ymax>
		</bndbox>
	</object>
</annotation>
