<annotation>
	<folder>JPEGImages</folder>
	<filename>2-ship_train_43.jpg</filename>
	<path>C:\Users\China\Desktop\make-your-yolov5_dataset-main\dataset_optimal\JPEGImages\2-ship_train_43.jpg</path>
	<source>
		<database>Unknown</database>
	</source>
	<size>
		<width>128</width>
		<height>159</height>
		<depth>3</depth>
	</size>
	<segmented>0</segmented>
	<object>
		<name>ship</name>
		<pose>Unspecified</pose>
		<truncated>0</truncated>
		<difficult>0</difficult>
		<bndbox>
			<xmin>26</xmin>
			<ymin>15</ymin>
			<xmax>104</xmax>
			<ymax>134</ymax>
		</bndbox>
	</object>
	<object>
		<name>ship</name>
		<pose>Unspecified</pose>
		<truncated>0</truncated>
		<difficult>0</difficult>
		<bndbox>
			<xmin>62</xmin>
			<ymin>70</ymin>
			<xmax>122</xmax>
			<ymax>154</ymax>
		</bndbox>
	</object>
	<object>
		<name>ship</name>
		<pose>Unspecified</pose>
		<truncated>1</truncated>
		<difficult>0</difficult>
		<bndbox>
			<xmin>1</xmin>
			<ymin>16</ymin>
			<xmax>54</xmax>
			<ymax>107</ymax>
		</bndbox>
	</object>
</annotation>
