<annotation>
	<folder>JPEGImages</folder>
	<filename>2-ship_train_165.jpg</filename>
	<path>C:\Users\China\Desktop\make-your-yolov5_dataset-main\dataset_optimal\JPEGImages\2-ship_train_165.jpg</path>
	<source>
		<database>Unknown</database>
	</source>
	<size>
		<width>117</width>
		<height>181</height>
		<depth>3</depth>
	</size>
	<segmented>0</segmented>
	<object>
		<name>ship</name>
		<pose>Unspecified</pose>
		<truncated>0</truncated>
		<difficult>0</difficult>
		<bndbox>
			<xmin>19</xmin>
			<ymin>19</ymin>
			<xmax>99</xmax>
			<ymax>163</ymax>
		</bndbox>
	</object>
	<object>
		<name>ship</name>
		<pose>Unspecified</pose>
		<truncated>1</truncated>
		<difficult>0</difficult>
		<bndbox>
			<xmin>75</xmin>
			<ymin>1</ymin>
			<xmax>117</xmax>
			<ymax>98</ymax>
		</bndbox>
	</object>
</annotation>
