<annotation>
	<folder>JPEGImages</folder>
	<filename>2-ship_train_365.jpg</filename>
	<path>C:\Users\China\Desktop\make-your-yolov5_dataset-main\dataset_optimal\JPEGImages\2-ship_train_365.jpg</path>
	<source>
		<database>Unknown</database>
	</source>
	<size>
		<width>118</width>
		<height>118</height>
		<depth>3</depth>
	</size>
	<segmented>0</segmented>
	<object>
		<name>ship</name>
		<pose>Unspecified</pose>
		<truncated>0</truncated>
		<difficult>0</difficult>
		<bndbox>
			<xmin>26</xmin>
			<ymin>18</ymin>
			<xmax>94</xmax>
			<ymax>91</ymax>
		</bndbox>
	</object>
	<object>
		<name>ship</name>
		<pose>Unspecified</pose>
		<truncated>1</truncated>
		<difficult>0</difficult>
		<bndbox>
			<xmin>60</xmin>
			<ymin>60</ymin>
			<xmax>109</xmax>
			<ymax>118</ymax>
		</bndbox>
	</object>
	<object>
		<name>ship</name>
		<pose>Unspecified</pose>
		<truncated>1</truncated>
		<difficult>0</difficult>
		<bndbox>
			<xmin>89</xmin>
			<ymin>88</ymin>
			<xmax>118</xmax>
			<ymax>118</ymax>
		</bndbox>
	</object>
</annotation>
