<annotation>
	<folder>JPEGImages</folder>
	<filename>2-ship_train_192.jpg</filename>
	<path>C:\Users\China\Desktop\make-your-yolov5_dataset-main\dataset_optimal\JPEGImages\2-ship_train_192.jpg</path>
	<source>
		<database>Unknown</database>
	</source>
	<size>
		<width>153</width>
		<height>138</height>
		<depth>1</depth>
	</size>
	<segmented>0</segmented>
	<object>
		<name>ship</name>
		<pose>Unspecified</pose>
		<truncated>0</truncated>
		<difficult>0</difficult>
		<bndbox>
			<xmin>44</xmin>
			<ymin>39</ymin>
			<xmax>128</xmax>
			<ymax>115</ymax>
		</bndbox>
	</object>
</annotation>
