<annotation>
	<folder>JPEGImages</folder>
	<filename>2-ship_train_139.jpg</filename>
	<path>C:\Users\China\Desktop\make-your-yolov5_dataset-main\dataset_optimal\JPEGImages\2-ship_train_139.jpg</path>
	<source>
		<database>Unknown</database>
	</source>
	<size>
		<width>137</width>
		<height>157</height>
		<depth>3</depth>
	</size>
	<segmented>0</segmented>
	<object>
		<name>ship</name>
		<pose>Unspecified</pose>
		<truncated>0</truncated>
		<difficult>0</difficult>
		<bndbox>
			<xmin>16</xmin>
			<ymin>24</ymin>
			<xmax>115</xmax>
			<ymax>133</ymax>
		</bndbox>
	</object>
	<object>
		<name>ship</name>
		<pose>Unspecified</pose>
		<truncated>0</truncated>
		<difficult>0</difficult>
		<bndbox>
			<xmin>16</xmin>
			<ymin>71</ymin>
			<xmax>91</xmax>
			<ymax>152</ymax>
		</bndbox>
	</object>
	<object>
		<name>ship</name>
		<pose>Unspecified</pose>
		<truncated>1</truncated>
		<difficult>0</difficult>
		<bndbox>
			<xmin>1</xmin>
			<ymin>75</ymin>
			<xmax>80</xmax>
			<ymax>157</ymax>
		</bndbox>
	</object>
</annotation>
