<annotation>
	<folder>JPEGImages</folder>
	<filename>2-ship_train_151.jpg</filename>
	<path>C:\Users\China\Desktop\make-your-yolov5_dataset-main\dataset_optimal\JPEGImages\2-ship_train_151.jpg</path>
	<source>
		<database>Unknown</database>
	</source>
	<size>
		<width>181</width>
		<height>198</height>
		<depth>3</depth>
	</size>
	<segmented>0</segmented>
	<object>
		<name>ship</name>
		<pose>Unspecified</pose>
		<truncated>0</truncated>
		<difficult>0</difficult>
		<bndbox>
			<xmin>24</xmin>
			<ymin>22</ymin>
			<xmax>164</xmax>
			<ymax>174</ymax>
		</bndbox>
	</object>
	<object>
		<name>ship</name>
		<pose>Unspecified</pose>
		<truncated>0</truncated>
		<difficult>0</difficult>
		<bndbox>
			<xmin>131</xmin>
			<ymin>54</ymin>
			<xmax>161</xmax>
			<ymax>85</ymax>
		</bndbox>
	</object>
</annotation>
