<annotation>
	<folder>JPEGImages</folder>
	<filename>2-ship_train_361.jpg</filename>
	<path>C:\Users\China\Desktop\make-your-yolov5_dataset-main\dataset_optimal\JPEGImages\2-ship_train_361.jpg</path>
	<source>
		<database>Unknown</database>
	</source>
	<size>
		<width>134</width>
		<height>130</height>
		<depth>1</depth>
	</size>
	<segmented>0</segmented>
	<object>
		<name>ship</name>
		<pose>Unspecified</pose>
		<truncated>0</truncated>
		<difficult>0</difficult>
		<bndbox>
			<xmin>14</xmin>
			<ymin>20</ymin>
			<xmax>111</xmax>
			<ymax>109</ymax>
		</bndbox>
	</object>
</annotation>
