<annotation>
	<folder>JPEGImages</folder>
	<filename>2-ship_train_347.jpg</filename>
	<path>C:\Users\China\Desktop\make-your-yolov5_dataset-main\dataset_optimal\JPEGImages\2-ship_train_347.jpg</path>
	<source>
		<database>Unknown</database>
	</source>
	<size>
		<width>72</width>
		<height>95</height>
		<depth>3</depth>
	</size>
	<segmented>0</segmented>
	<object>
		<name>ship</name>
		<pose>Unspecified</pose>
		<truncated>0</truncated>
		<difficult>0</difficult>
		<bndbox>
			<xmin>27</xmin>
			<ymin>14</ymin>
			<xmax>48</xmax>
			<ymax>76</ymax>
		</bndbox>
	</object>
</annotation>
