<annotation>
	<folder>JPEGImages</folder>
	<filename>2-ship_train_27.jpg</filename>
	<path>C:\Users\China\Desktop\make-your-yolov5_dataset-main\dataset_optimal\JPEGImages\2-ship_train_27.jpg</path>
	<source>
		<database>Unknown</database>
	</source>
	<size>
		<width>121</width>
		<height>127</height>
		<depth>3</depth>
	</size>
	<segmented>0</segmented>
	<object>
		<name>ship</name>
		<pose>Unspecified</pose>
		<truncated>0</truncated>
		<difficult>0</difficult>
		<bndbox>
			<xmin>25</xmin>
			<ymin>26</ymin>
			<xmax>97</xmax>
			<ymax>97</ymax>
		</bndbox>
	</object>
	<object>
		<name>ship</name>
		<pose>Unspecified</pose>
		<truncated>0</truncated>
		<difficult>0</difficult>
		<bndbox>
			<xmin>53</xmin>
			<ymin>47</ymin>
			<xmax>120</xmax>
			<ymax>126</ymax>
		</bndbox>
	</object>
</annotation>
